Entry_ID,Category_ID,Category,Work,Artist(s),Winner
1,1,Record of the Year,Now And Then,The Beatles,No
2,1,Record of the Year,TEXAS HOLD 'EM,Beyonce,No
3,1,Record of the Year,Espresso,Sabrina Carpenter,No
4,1,Record of the Year,360,Charli xcx,No
5,1,Record of the Year,BIRDS OF A FEATHER,Billie Eilish,No
6,1,Record of the Year,Not Like Us,Kendrick Lamar,Yes
7,1,Record of the Year,"Good Luck, Babe!",Chappell Roan,No
8,1,Record of the Year,Fortnight,Taylor Swift feat. Post Malone,No
9,2,Album of the Year,New Blue Sun,Andre 3000,No
10,2,Album of the Year,COWBOY CARTER,Beyonce,Yes
11,2,Album of the Year,Short n' Sweet,Sabrina Carpenter,No
12,2,Album of the Year,BRAT,Charli xcx,No
13,2,Album of the Year,Djesse Vol. 4,Jacob Collier,No
14,2,Album of the Year,HIT ME HARD AND SOFT,Billie Eilish,No
15,2,Album of the Year,The Rise And Fall Of A Midwest Princess,Chappell Roan,No
16,2,Album of the Year,THE TORTURED POETS DEPARTMENT,Taylor Swift,No
17,3,Song of the Year,A Bar Song (Tipsy),"Sean Cook, Jerrel Jones, Joe Kent, Chibueze Collins Obinna, Nevin Sastry & Mark Williams, songwriters (Shaboozey)",No
18,3,Song of the Year,BIRDS OF A FEATHER,"Billie Eilish O'Connell & FINNEAS, songwriters (Billie Eilish)",No
19,3,Song of the Year,Die With A Smile,"Dernst Emile II, James Fauntleroy, Lady Gaga, Bruno Mars & Andrew Watt, songwriters (Lady Gaga & Bruno Mars)",No
20,3,Song of the Year,Fortnight,"Jack Antonoff, Austin Post & Taylor Swift, songwriters (Taylor Swift feat. Post Malone)",No
21,3,Song of the Year,"Good Luck, Babe!","Kayleigh Rose Amstutz, Daniel Nigro & Justin Tranter, songwriters (Chappell Roan)",No
22,3,Song of the Year,Not Like Us,"Kendrick Lamar, songwriter (Kendrick Lamar)",Yes
23,3,Song of the Year,Please Please Please,"Amy Allen, Jack Antonoff & Sabrina Carpenter, songwriters (Sabrina Carpenter)",No
24,3,Song of the Year,TEXAS HOLD 'EM,"Brian Bates, Beyonce, Elizabeth Lowell Boland, Megan Bulow, Nate Ferraro & Raphael Saadiq, songwriters (Beyonce)",No
25,4,Best New Artist,,Benson Boone,No
26,4,Best New Artist,,Sabrina Carpenter,No
27,4,Best New Artist,,Doechii,No
28,4,Best New Artist,,Khruangbin,No
29,4,Best New Artist,,RAYE,No
30,4,Best New Artist,,Chappell Roan,Yes
31,4,Best New Artist,,Shaboozey,No
32,4,Best New Artist,,Teddy Swims,No
33,5,"Producer of the Year, Non-Classical",,Alissia,No
34,5,"Producer of the Year, Non-Classical",,Dernst D'Mile Emile II,No
35,5,"Producer of the Year, Non-Classical",,Mustard,No
36,5,"Producer of the Year, Non-Classical",,Daniel Nigro,Yes
37,6,"Songwriter of the Year, Non-Classical",,Jessi Alexander,No
38,6,"Songwriter of the Year, Non-Classical",,Amy Allen,Yes
39,6,"Songwriter of the Year, Non-Classical",,Edgar Barrera,No
40,6,"Songwriter of the Year, Non-Classical",,Jessie Jo Dillon,No
41,6,"Songwriter of the Year, Non-Classical",,RAYE,No
42,7,Best Pop Solo Performance,BODYGUARD,Beyonce,No
43,7,Best Pop Solo Performance,Espresso,Sabrina Carpenter,Yes
44,7,Best Pop Solo Performance,Apple,Charli xcx,No
45,7,Best Pop Solo Performance,BIRDS OF A FEATHER,Billie Eilish,No
46,7,Best Pop Solo Performance,"Good Luck, Babe!",Chappell Roan,No
47,8,Best Pop Duo/Group Performance,us.,Gracie Abrams feat. Taylor Swift,No
48,8,Best Pop Duo/Group Performance,LEVII'S JEANS,Beyonce feat. Post Malone,No
49,8,Best Pop Duo/Group Performance,Guess,Charli xcx & Billie Eilish,No
50,8,Best Pop Duo/Group Performance,the boy is mine,"Ariana Grande, Brandy & Monica",No
51,8,Best Pop Duo/Group Performance,Die With A Smile,Lady Gaga & Bruno Mars,Yes
52,9,Best Pop Vocal Album,Short n' Sweet,Sabrina Carpenter,Yes
53,9,Best Pop Vocal Album,HIT ME HARD AND SOFT,Billie Eilish,No
54,9,Best Pop Vocal Album,eternal sunshine,Ariana Grande,No
55,9,Best Pop Vocal Album,The Rise And Fall Of A Midwest Princess,Chappell Roan,No
56,9,Best Pop Vocal Album,THE TORTURED POETS DEPARTMENT,Taylor Swift,No
57,10,Best Dance/Electronic Recording,"She's Gone, Dance On",Disclosure,No
58,10,Best Dance/Electronic Recording,Loved,Four Tet,No
59,10,Best Dance/Electronic Recording,leavemealone,Fred Again.. & Baby Keem,No
60,10,Best Dance/Electronic Recording,Neverender,Justice & Tame Impala,Yes
61,10,Best Dance/Electronic Recording,Witchy,KAYTRANADA,No
62,11,Best Pop Dance Recording,Make You Mine,Madison Beer,No
63,11,Best Pop Dance Recording,Von Dutch,Charli xcx,Yes
64,11,Best Pop Dance Recording,L'AMOUR DE MA VIE [OVER NOW EXTENDED EDIT],Billie Eilish,No
65,11,Best Pop Dance Recording,"yes, and?",Ariana Grande,No
66,11,Best Pop Dance Recording,Got Me Started,Troye Sivan,No
67,12,Best Dance/Electronic Album,BRAT,Charli xcx,Yes
68,12,Best Dance/Electronic Album,Three,Four Tet,No
69,12,Best Dance/Electronic Album,Hyperdrama,Justice,No
70,12,Best Dance/Electronic Album,Timeless,KAYTRANADA,No
71,12,Best Dance/Electronic Album,Telos,Zedd,No
72,13,Best Remixed Recording,Alter Ego (KAYTRANADA remix),"KAYTRANADA, remixer (Doechii)",No
73,13,Best Remixed Recording,A Bar Song (Tipsy) (Remix),"David Guetta, remixer (Shaboozey)",No
74,13,Best Remixed Recording,Espresso (Mark Ronson x FNZ Working Late Remix),"FNZ & Mark Ronson, remixers (Sabrina Carpenter)",Yes
75,13,Best Remixed Recording,Jah Sees Them,"Alexx Antaeus, Footsteps & MrMyish, remixers (Julian Marley & Antaeus)",No
76,13,Best Remixed Recording,Von Dutch,"A.G. Cook, remixer (Charli xcx & A.G. Cook feat. Addison Rae)""",No
77,14,Best Rock Performance,Now And Then,The Beatles,Yes
78,14,Best Rock Performance,Beautiful People (Stay High),The Black Keys,No
79,14,Best Rock Performance,The American Dream Is Killing Me,Green Day,No
80,14,Best Rock Performance,Gift Horse,IDLES,No
81,14,Best Rock Performance,Dark Matter,Pearl Jam,No
82,14,Best Rock Performance,Broken Man,St. Vincent,No
83,15,Best Metal Performance,Mea Culpa (Ah! Ca ira!),"Gojira, Marina Viotti & Victor Le Masne",Yes
84,15,Best Metal Performance,Crown of Horns,Judas Priest,No
85,15,Best Metal Performance,Suffocate,Knocked Loose feat. Poppy,No
86,15,Best Metal Performance,Screaming Suicide,Metallica,No
87,15,Best Metal Performance,Cellar Door,Spiritbox,No
88,16,Best Rock Song,Beautiful People (Stay High),"Dan Auerbach, Patrick Carney, Beck Hansen & Daniel Nakamura, songwriters (The Black Keys)",No
89,16,Best Rock Song,Broken Man,"Annie Clark, songwriter (St. Vincent)",Yes
90,16,Best Rock Song,Dark Matter,"Jeff Ament, Matt Cameron, Stone Gossard, Mike McCready, Eddie Vedder & Andrew Watt, songwriters (Pearl Jam)",No
91,16,Best Rock Song,Dilemma,"Billie Joe Armstrong, Mike Dirnt & Tre Cool, songwriters (Green Day)",No
92,16,Best Rock Song,Gift Horse,"Jon Beavis, Mark Bowen, Adam Devonshire, Lee Kiernan & Joe Talbot, songwriters (IDLES)",No
93,17,Best Rock Album,Happiness Bastards,The Black Crowes,No
94,17,Best Rock Album,Romance,Fontaines D.C.,No
95,17,Best Rock Album,Saviors,Green Day,No
96,17,Best Rock Album,TANGK,IDLES,No
97,17,Best Rock Album,Dark Matter,Pearl Jam,No
98,17,Best Rock Album,Hackney Diamonds,The Rolling Stones,Yes
99,17,Best Rock Album,No Name,Jack White,No
100,18,Best Alternative Music Performance,Neon Pill Cage,The Elephant,No
101,18,Best Alternative Music Performance,Song Of The Lake,Nick Cave & The Bad Seeds,No
102,18,Best Alternative Music Performance,Starburster,Fontaines D.C.,No
103,18,Best Alternative Music Performance,BYE BYE,Kim Gordon,No
104,18,Best Alternative Music Performance,Flea,St. Vincent,Yes
105,19,Best Alternative Music Album,Wild God,Nick Cave & The Bad Seeds,No
106,19,Best Alternative Music Album,Charm,Clairo,No
107,19,Best Alternative Music Album,The Collective,Kim Gordon,No
108,19,Best Alternative Music Album,What Now,Brittany Howard,No
109,19,Best Alternative Music Album,All Born Screaming,St. Vincent,Yes
110,20,Best R&B Performance,Guidance,Jhene Aiko,No
111,20,Best R&B Performance,Residuals,Chris Brown,No
112,20,Best R&B Performance,Here We Go (Uh Oh),Coco Jones,No
113,20,Best R&B Performance,Made For Me (Live On BET),Muni Long,Yes
114,20,Best R&B Performance,Saturn,SZA,No
115,21,Best Traditional R&B Performance,Wet,Marsha Ambrosius,No
116,21,Best Traditional R&B Performance,Can I Have This Groove,Kenyon Dixon,No
117,21,Best Traditional R&B Performance,No Lie,Lalah Hathaway feat. Michael McDonald,No
118,21,Best Traditional R&B Performance,Make Me Forget,Muni Long,No
119,21,Best Traditional R&B Performance,That's You,Lucky Daye,Yes
120,22,Best R&B Song,After Hours,"Diovanna Frazier, Alex Goldblatt, Kehlani Parrish, Khris Riddick-Tynes & Daniel Upchurch, songwriters (Kehlani)",No
121,22,Best R&B Song,Burning,"Ronald Banful & Temilade Openiyi, songwriters (Tems)",No
122,22,Best R&B Song,Here We Go (Uh Oh),"Sara Diamond, Sydney Floyd, Marisela Jackson, Courtney Jones, Carl McCormick & Kelvin Wooten, songwriters (Coco Jones)",No
123,22,Best R&B Song,Ruined Me,"Jeff Gitelman, Priscilla Renea & Kevin Theodore, songwriters (Muni Long)",No
124,22,Best R&B Song,Saturn,"Rob Bisel, Carter Lang, Solana Rowe, Jared Solomon & Scott Zhang, songwriters (SZA)",Yes
125,23,Best Progressive R&B Album,So Glad To Know You (Tied),Avery*Sunshine,Yes
126,23,Best Progressive R&B Album,En Route,Durand Bernarr,No
127,23,Best Progressive R&B Album,Bando Stone And The New World,Childish Gambino,No
128,23,Best Progressive R&B Album,Crash,Kehlani,No
129,23,Best Progressive R&B Album,Why Lawd? (Tied),NxWorries (Anderson .Paak & Knxwledge),Yes
130,24,Best R&B Album,11:11 (Deluxe),Chris Brown,Yes
131,24,Best R&B Album,Vantablack,Lalah Hathaway,No
132,24,Best R&B Album,Revenge,Muni Long,No
133,24,Best R&B Album,Algorithm,Lucky Daye,No
134,24,Best R&B Album,Coming Home,Usher,No
135,25,Best Rap Performance,Enough (Miami),Cardi B,No
136,25,Best Rap Performance,When The Sun Shines Again,Common & Pete Rock feat. Posdnuos,No
137,25,Best Rap Performance,NISSAN ALTIMA,Doechii,No
138,25,Best Rap Performance,Houdini,Eminem,No
139,25,Best Rap Performance,Like That,Future & Metro Boomin feat. Kendrick Lamar,No
140,25,Best Rap Performance,Yeah Glo!,GloRilla,No
141,25,Best Rap Performance,Not Like Us,Kendrick Lamar,Yes
142,26,Best Melodic Rap Performance,KEHLANI,Jordan Adetunji feat. Kehlani,No
143,26,Best Melodic Rap Performance,SPAGHETTII,Beyonce feat. Linda Martell & Shaboozey,No
144,26,Best Melodic Rap Performance,We Still Don't Trust You,Future & Metro Boomin feat. The Weeknd,No
145,26,Best Melodic Rap Performance,Big Mama,Latto,No
146,26,Best Melodic Rap Performance,3:AM,Rapsody feat. Erykah Badu,Yes
147,27,Best Rap Song,Asteroids,"Marlanna Evans, songwriter (Rapsody feat. Hit-Boy)",No
148,27,Best Rap Song,Carnival,"Jordan Carter, Raul Cubina, Grant Dickinson, Samuel Lindley, Nasir Pemberton, Dimitri Roger, Ty Dolla $ign, Kanye West & Mark Carl Stolinski Williams, songwriters (Y$ (Kanye West & Ty Dolla $Ign) feat. Rich The Kid & Playboi Carti)",No
149,27,Best Rap Song,Like That,"Kendrick Lamar Duckworth, Kobe ""BbyKobe"" Hood, Leland Wayne & Nayvadius Wilburn, songwriters (Future & Metro Boomin feat. Kendrick Lamar)",No
150,27,Best Rap Song,Not Like Us,"Kendrick Lamar, songwriter (Kendrick Lamar)",Yes
151,27,Best Rap Song,Yeah Glo!,"Ronnie Jackson, Jaucquez Lowe, Timothy McKibbins, Kevin Andre Price, Julius Rivera III & Gloria Woods, songwriters (GloRilla)",No
152,28,Best Rap Album,Might Delete Later,J. Cole,No
153,28,Best Rap Album,"The Auditorium, Vol. 1",Common & Pete Rock,No
154,28,Best Rap Album,Alligator Bites Never Heal,Doechii,Yes
155,28,Best Rap Album,The Death Of Slim Shady (Coup De Grace),Eminem,No
156,28,Best Rap Album,We Don't Trust You,Future & Metro Boomin,No
157,29,Best Spoken Word Poetry Album,CIVIL WRITES: The South Got Something To Say,Queen Sheba,No
158,29,Best Spoken Word Poetry Album,cOncrete & wHiskey Act II Part 1: A Bourbon 30 Series,Omari Hardwick,No
159,29,Best Spoken Word Poetry Album,Good M.U.S.I.C. Universe Sonic Sinema: Episode 1 In The Beginning Was The Word by,Malik Yusef,No
160,29,Best Spoken Word Poetry Album,"The Heart, The Mind, The Soul",Tank And The Bangas,Yes
161,29,Best Spoken Word Poetry Album,The Seven Number Ones,Mad Skillz,No
162,30,Best Jazz Performance,"Walk With Me, Lord (SOUND | SPIRIT)",The Baylor Project,No
163,30,Best Jazz Performance,Phoenix Reimagined (Live),"Lakecia Benjamin feat. Randy Brecker, Jeff Tain Watts",No
164,30,Best Jazz Performance,Juno,Chick Corea & Bela Fleck,No
165,30,Best Jazz Performance,Twinkle Twinkle Little Me,Samara Joy feat. Sullivan Fortner,Yes
166,30,Best Jazz Performance,Little Fears,Dan Pugach Big Band feat. Nicole Zuraitis & Troy Roberts,No
167,31,Best Jazz Vocal Album,Journey In Black,Christie Dashiell,No
168,31,Best Jazz Vocal Album,Wildflowers Vol. 1,Kurt Elling & Sullivan Fortner,No
169,31,Best Jazz Vocal Album,A Joyful Holiday,Samara Joy,Yes
170,31,Best Jazz Vocal Album,Milton + esperanza,Milton Nascimento & esperanza spalding,No
171,31,Best Jazz Vocal Album,My Ideal,Catherine Russell & Sean Mason,No
172,32,Best Jazz Instrumental Album,Owl Song,Ambrose Akinmusire feat. Bill Frisell & Herlin Riley,No
173,32,Best Jazz Instrumental Album,Beyond This Place,"Kenny Barron feat. Kiyoshi Kitagawa, Johnathan Blake, Immanuel",No
174,32,Best Jazz Instrumental Album,Phoenix Reimagined (Live),Lakecia Benjamin,No
175,32,Best Jazz Instrumental Album,Remembrance,Chick Corea & Bela Fleck,Yes
176,32,Best Jazz Instrumental Album,Solo Game,Sullivan Fortner,No
177,33,Best Large Jazz Ensemble Album,Returning To Forever,John Beasley & Frankfurt Radio Big Band,No
178,33,Best Large Jazz Ensemble Album,And So It Goes,The Clayton-Hamilton Jazz Orchestra,No
179,33,Best Large Jazz Ensemble Album,Walk A Mile In My Shoe,Orrin Evans & The Captain Black Big Band,No
180,33,Best Large Jazz Ensemble Album,Bianca Reimagined: Music For Paws And Persistence,Dan Pugach Big Band,Yes
181,33,Best Large Jazz Ensemble Album,Golden City,Miguel Zenon,No
182,34,Best Latin Jazz Album,Spain Forever Again,Michel Camilo & Tomatito,No
183,34,Best Latin Jazz Album,Cubop Lives!,Zaccai Curtis,Yes
184,34,Best Latin Jazz Album,COLLAB,Hamilton de Holanda & Gonzalo Rubalcaba,No
185,34,Best Latin Jazz Album,Time And Again,Eliane Elias,No
186,34,Best Latin Jazz Album,El Trio: Live in Italy,"Horacio 'El Negro' Hernandez, John Beasley & Jose Gola",No
187,34,Best Latin Jazz Album,Cuba And Beyond,Chucho Valdes & Royal Quartet,No
188,34,Best Latin Jazz Album,As I Travel,"Donald Vega feat. Lewis Nash, John Patitucci & Luisito Quintero",No
189,35,Best Alternative Jazz Album,Night Reign,Arooj Aftab,No
190,35,Best Alternative Jazz Album,New Blue Sun,Andre 3000,No
191,35,Best Alternative Jazz Album,Code Derivation,Robert Glasper,No
192,35,Best Alternative Jazz Album,Foreverland,Keyon Harrold,No
193,35,Best Alternative Jazz Album,No More Water: The Gospel Of James Baldwin,Meshell Ndegeocello,Yes
194,36,Best Traditional Pop Vocal Album,A Fleur De Peau,Cyrille Aimee,No
195,36,Best Traditional Pop Vocal Album,Visions,Norah Jones,Yes
196,36,Best Traditional Pop Vocal Album,Good Together,Lake Street Dive,No
197,36,Best Traditional Pop Vocal Album,Impossible Dream,Aaron Lazar,No
198,36,Best Traditional Pop Vocal Album,Christmas Wish,Gregory Porter,No
199,37,Best Contemporary Instrumental Album,Plot Armor,Taylor Eigsti,Yes
200,37,Best Contemporary Instrumental Album,Rhapsody In Blue,Bela Fleck,No
201,37,Best Contemporary Instrumental Album,Orchestras (Live),"Bill Frisell feat. Alexander Hanson, Brussels Philharmonic, Rudy",No
202,37,Best Contemporary Instrumental Album,Mark,Mark Guiliana,No
203,37,Best Contemporary Instrumental Album,Speak To Me,Julian Lage,No
204,38,Best Musical Theater Album,Hell's Kitchen,,Yes
205,38,Best Musical Theater Album,Merrily We Roll Along,,No
206,38,Best Musical Theater Album,The Notebook,,No
207,38,Best Musical Theater Album,The Outsiders,,No
208,38,Best Musical Theater Album,Suffs,,No
209,38,Best Musical Theater Album,The Wiz,,No
210,39,Best Country Solo Performance,16 CARRIAGES,Beyonce,No
211,39,Best Country Solo Performance,I Am Not Okay,Jelly Roll,No
212,39,Best Country Solo Performance,The Architect,Kacey Musgraves,No
213,39,Best Country Solo Performance,A Bar Song (Tipsy),Shaboozey,No
214,39,Best Country Solo Performance,It Takes A Woman,Chris Stapleton,Yes
215,40,Best Country Duo/Group Performance,Cowboys Cry Too,Kelsea Ballerini With Noah Kahan,No
216,40,Best Country Duo/Group Performance,II MOST WANTED,Beyonce feat. Miley Cyrus,Yes
217,40,Best Country Duo/Group Performance,Break Mine,Brothers Osborne,No
218,40,Best Country Duo/Group Performance,Bigger Houses,Dan + Shay,No
219,40,Best Country Duo/Group Performance,I Had Some Help,Post Malone feat. Morgan Wallen,No
220,41,Best Country Song,The Architect,"Shane McAnally, Kacey Musgraves & Josh Osborne, songwriters (Kacey Musgraves)",Yes
221,41,Best Country Song,A Bar Song (Tipsy),"Sean Cook, Jerrel Jones, Joe Kent, Chibueze Collins Obinna, Nevin Sastry & Mark Williams, songwriters (Shaboozey)",No
222,41,Best Country Song,I Am Not Okay,"Casey Brown, Jason DeFord, Ashley Gorley & Taylor Phillips, songwriters (Jelly Roll)",No
223,41,Best Country Song,I Had Some Help,"Louis Bell, Ashley Gorley, Hoskins, Austin Post, Ernest Smith, Ryan Vojtesak, Morgan Wallen & Chandler Paul Walters, songwriters (Post Malone feat. Morgan Wallen)",No
224,41,Best Country Song,TEXAS HOLD 'EM,"Brian Bates, Beyonce, Elizabeth Lowell Boland, Megan Bulow, Nate Ferraro & Raphael Saadiq, songwriters (Beyonce)",No
225,42,Best Country Album,COWBOY CARTER,Beyonce,Yes
226,42,Best Country Album,F-1 Trillion,Post Malone,No
227,42,Best Country Album,Deeper Well,Kacey Musgraves,No
228,42,Best Country Album,Higher,Chris Stapleton,No
229,42,Best Country Album,Whirlwind,Lainey Wilson,No
230,43,Best American Roots Performance,Blame It On Eve,Shemekia Copeland,No
231,43,Best American Roots Performance,Nothing In Rambling,"The Fabulous Thunderbirds feat. Bonnie Raitt, Keb' Mo', Taj",No
232,43,Best American Roots Performance,Lighthouse,Sierra Ferrell,Yes
233,43,Best American Roots Performance,The Ballad Of Sally Anne,Rhiannon Giddens,No
234,44,Best Americana Performance,YA YA,Beyonce,No
235,44,Best Americana Performance,Subtitles,Madison Cunningham,No
236,44,Best Americana Performance,Don't Do Me Good,Madi Diaz feat. Kacey Musgraves,No
237,44,Best Americana Performance,American Dreaming,Sierra Ferrell,Yes
238,44,Best Americana Performance,Runaway Train,Sarah Jarosz,No
239,44,Best Americana Performance,Empty Trainload Of Sky,Gillian Welch & David Rawlings,No
240,45,Best American Roots Song,Ahead Of The Game,"Mark Knopfler, songwriter (Mark Knopfler)",No
241,45,Best American Roots Song,All In Good Time,"Sam Beam, songwriter (Iron & Wine feat. Fiona Apple)",No
242,45,Best American Roots Song,All My Friends,"Aoife O'Donovan, songwriter (Aoife O'Donovan)",No
243,45,Best American Roots Song,American Dreaming,"Sierra Ferrell & Melody Walker, songwriters (Sierra Ferrell)",Yes
244,45,Best American Roots Song,Blame It On Eve,"John Hahn & Will Kimbrough, songwriters (Shemekia Copeland)",No
245,46,Best Americana Album,The Other Side,T Bone Burnett,No
246,46,Best Americana Album,$10 Cowboy,Charley Crockett,No
247,46,Best Americana Album,Trail Of Flowers,Sierra Ferrell,Yes
248,46,Best Americana Album,Polaroid Lovers,Sarah Jarosz,No
249,46,Best Americana Album,No One Gets Out Alive,Maggie Rose,No
250,46,Best Americana Album,Tigers Blood,Waxahatchee,No
251,47,Best Bluegrass Album,I Built A World,Bronwyn Keith-Hynes,No
252,47,Best Bluegrass Album,Songs Of Love And Life,The Del McCoury Band,No
253,47,Best Bluegrass Album,No Fear,Sister Sadie,No
254,47,Best Bluegrass Album,Live Vol. 1,Billy Strings,Yes
255,47,Best Bluegrass Album,Earl Jam,Tony Trischka,No
256,47,Best Bluegrass Album,Dan Tyminski: Live From The Ryman,Dan Tyminski,No
257,48,Best Traditional Blues Album,Hill Country Love,Cedric Burnside,No
258,48,Best Traditional Blues Album,Struck Down,The Fabulous Thunderbirds,No
259,48,Best Traditional Blues Album,One Guitar Woman,Sue Foley,No
260,48,Best Traditional Blues Album,Sam's Place,Little Feat,No
261,48,Best Traditional Blues Album,Swingin' Live At The Church In Tulsa,The Taj Mahal Sextet,Yes
262,49,Best Contemporary Blues Album,Blues Deluxe Vol. 2,Joe Bonamassa,No
263,49,Best Contemporary Blues Album,Blame It On Eve,Shemekia Copeland,No
264,49,Best Contemporary Blues Album,Friendlytown,Steve Cropper & The Midnight Hour,No
265,49,Best Contemporary Blues Album,Mileage,Ruthie Foster,Yes
266,49,Best Contemporary Blues Album,The Fury,Antonio Vergara,No
267,50,Best Folk Album,American Patchwork Quartet,American Patchwork Quartet,No
268,50,Best Folk Album,Weird Faith,Madi Diaz,No
269,50,Best Folk Album,Bright Future,Adrianne Lenker,No
270,50,Best Folk Album,All My Friends,Aoife O'Donovan,No
271,50,Best Folk Album,Woodland,Gillian Welch & David Rawlings,Yes
272,51,Best Regional Roots Music Album,25 Back To My Roots,Sean Ardoin And Kreole Rock And Soul,No
273,51,Best Regional Roots Music Album,Live At The 2024 New Orleans Jazz & Heritage Festival,Big Chief Monk Boudreaux & The Golden Eagles feat. J'Wan Boudreaux,No
274,51,Best Regional Roots Music Album,Live At The 2024 New Orleans Jazz & Heritage Festival,New Breed Brass Band feat. Trombone Shorty,No
275,51,Best Regional Roots Music Album,Kuini,Kalani Pe'a,Yes
276,51,Best Regional Roots Music Album,Stories From The Battlefield,The Rumble feat. Chief Joseph Boudreaux Jr.,No
277,52,Best Gospel Performance/Song,Church Doors,"Yolanda Adams; Donald Lawrence & Sir William James Baptist, songwriters",No
278,52,Best Gospel Performance/Song,Yesterday,Melvin Crispell III,No
279,52,Best Gospel Performance/Song,Hold On (Live),Ricky Dillard,No
280,52,Best Gospel Performance/Song,Holy Hands,"DOE; Jesse Paul Barrera, Jeffrey Castro Bernat, Dominique Jones, Timothy Ferguson, Kelby Shavon Johnson, Jr., Jonathan McReynolds, Rickey Slikk Muzik Offord & Juan Winans, songwriters",No
281,52,Best Gospel Performance/Song,One Hallelujah,"Tasha Cobbs Leonard, Erica Campbell & Israel Houghton feat. Jonathan McReynolds & Jekalyn Carr; G. Morris Coleman, Israel Houghton, Kenneth Leonard, Jr., Tasha Cobbs Leonard & Naomi Raine, songwriters",Yes
282,53,Best Contemporary Christian Music Performance/Song,Holy Forever (Live),"Bethel Music, Jenn Johnson feat. CeCe Winans",No
283,53,Best Contemporary Christian Music Performance/Song,Praise,"Elevation Worship feat. Brandon Lake, Chris Brown & Chandler Moore; Pat Barrett, Chris Brown, Cody Carnes, Steven Furtick, Brandon Lake & Chandler Moore, songwriters",No
284,53,Best Contemporary Christian Music Performance/Song,Firm Foundation (He Won't),Honor & Glory feat. Disciple,No
285,53,Best Contemporary Christian Music Performance/Song,In The Name Of Jesus,"JWLKRS Worship & Maverick City Music feat. Chandler Moore; Austin Armstrong, Ran Jackson, Chandler Moore, Sajan Nauriyal, Ella Schnacky, Noah Schnacky & Ilya Toshinskiy, songwriters",No
286,53,Best Contemporary Christian Music Performance/Song,In The Room,"Maverick City Music, Naomi Raine & Chandler Moore feat. Tasha Cobbs Leonard; G. Morris Coleman, Tasha Cobbs Leonard & Naomi Raine, songwriters",No
287,53,Best Contemporary Christian Music Performance/Song,That's My King,"CeCe Winans; Taylor Agan, Kellie Gamble, Lloyd Nicks & Jess Russ, songwriters",Yes
288,54,Best Gospel Album,Covered Vol. 1,Melvin Crispell III,No
289,54,Best Gospel Album,Choirmaster II (Live),Ricky Dillard,No
290,54,Best Gospel Album,Father's Day,Kirk Franklin,No
291,54,Best Gospel Album,Still Karen,Karen Clark Sheard,No
292,54,Best Gospel Album,More Than This,CeCe Winans,Yes
293,55,Best Contemporary Christian Music Album,Heart Of A Human,DOE,Yes
294,55,Best Contemporary Christian Music Album,When Wind Meets Fire,Elevation Worship,No
295,55,Best Contemporary Christian Music Album,Child Of God,Forrest Frank,No
296,55,Best Contemporary Christian Music Album,Coat Of Many Colors,Brandon Lake,No
297,55,Best Contemporary Christian Music Album,The Maverick Way Complete,"Maverick City Music, Naomi Raine & Chandler Moore",No
298,56,Best Roots Gospel Album,"The Gospel Sessions, Vol 2",Authentic Unlimited,No
299,56,Best Roots Gospel Album,The Gospel According To Mark,Mark D. Conklin,No
300,56,Best Roots Gospel Album,Rhapsody,The Harlem Gospel Travelers,No
301,56,Best Roots Gospel Album,Church,Cory Henry,Yes
302,56,Best Roots Gospel Album,Loving You,The Nelons,No
303,57,Best Latin Pop Album,Funk Generation,Anitta,No
304,57,Best Latin Pop Album,El Viaje,Luis Fonsi,No
305,57,Best Latin Pop Album,GARCIA,Kany Garcia,No
306,57,Best Latin Pop Album,Las Mujeres Ya No Lloran,Shakira,Yes
307,57,Best Latin Pop Album,ORQUIDEAS,Kali Uchis,No
308,58,Best Musica Urbana Album,nadie sabe lo que va a pasar manana,Bad Bunny,No
309,58,Best Musica Urbana Album,Rayo,J Balvin,No
310,58,Best Musica Urbana Album,FERXXOCALIPSIS,Feid,No
311,58,Best Musica Urbana Album,LAS LETRAS YA NO IMPORTAN,Residente,Yes
312,58,Best Musica Urbana Album,att.,Young Miko,No
313,59,Best Latin Rock or Alternative Album,Compita del Destino,El David Aguilar,No
314,59,Best Latin Rock or Alternative Album,Pa' Tu Cuerpa,Cimafunk,No
315,59,Best Latin Rock or Alternative Album,Autopoietica,Mon Laferte,No
316,59,Best Latin Rock or Alternative Album,GRASA,NATHY PELUSO,No
317,59,Best Latin Rock or Alternative Album,Quien trae las cornetas?,Rawayana,Yes
318,60,Best Musica Mexicana Album (Including Tejano),Diamantes,Chiquis,No
319,60,Best Musica Mexicana Album (Including Tejano),"Boca Chueca, Vol. 1",Carin Leon,Yes
320,60,Best Musica Mexicana Album (Including Tejano),EXODO,Peso Pluma,No
321,60,Best Musica Mexicana Album (Including Tejano),De Lejitos,Jessi Uribe,No
322,61,Best Tropical Latin Album,MUEVENSE,Marc Anthony,No
323,61,Best Tropical Latin Album,Bailar,Sheila E.,No
324,61,Best Tropical Latin Album,Radio Guira,Juan Luis Guerra 4.40,No
325,61,Best Tropical Latin Album,"Alma, Corazon y Salsa (Live at Gran Teatro Nacional)","Tony Succar, Mimy Succar",Yes
326,61,Best Tropical Latin Album,Vacilon Santiaguero,Kiki Valera,No
327,62,Best Global Music Performance,Raat Ki Rani,Arooj Aftab,No
328,62,Best Global Music Performance,A Rock Somewhere,Jacob Collier feat. Anoushka Shankar & Varijashree Venugopal,No
329,62,Best Global Music Performance,Rise,Rocky Dawuni,No
330,62,Best Global Music Performance,Bemba Colora,Sheila E. feat. Gloria Estefan & Mimy Succar,Yes
331,62,Best Global Music Performance,Sunlight To My Soul,Angelique Kidjo feat. Soweto Gospel Choir,No
332,62,Best Global Music Performance,Kashira,"Masa Takumi feat. Ron Korb, Noshir Mody & Dale Edward Chung",No
333,63,Best African Music Performance,Tomorrow,Yemi Alade,No
334,63,Best African Music Performance,MMS,Asake & Wizkid,No
335,63,Best African Music Performance,Sensational,Chris Brown feat. Davido & Lojay,No
336,63,Best African Music Performance,Higher,Burna Boy,No
337,63,Best African Music Performance,Love Me JeJe,Tems,Yes
338,64,Best Global Music Album,Alkebulan II,Matt B feat. Royal Philharmonic Orchestra,Yes
339,64,Best Global Music Album,Paisajes,Ciro Hurtado,No
340,64,Best Global Music Album,Heis,Rema,No
341,64,Best Global Music Album,Historias De Un Flamenco,Antonio Rey,No
342,64,Best Global Music Album,Born In The Wild,Tems,No
343,65,Best Reggae Album,Take It Easy,Collie Buddz,No
344,65,Best Reggae Album,Party With Me,Vybz Kartel,No
345,65,Best Reggae Album,Never Gets Late Here,Shenseea,No
346,65,Best Reggae Album,Bob Marley: One Love - Music Inspired By The Film (Deluxe),(Various Artists),Yes
347,65,Best Reggae Album,Evolution,The Wailers,No
348,66,"Best New Age, Ambient or Chant Album",Break Of Dawn,Ricky Kej,No
349,66,"Best New Age, Ambient or Chant Album",Triveni,"Wouter Kellerman, Eru Matsumoto & Chandrika Tandon",Yes
350,66,"Best New Age, Ambient or Chant Album",Visions Of Sounds De Luxe,Chris Redding,No
351,66,"Best New Age, Ambient or Chant Album",Opus,Ryuichi Sakamoto,No
352,66,"Best New Age, Ambient or Chant Album",Chapter II: How Dark It Is Before Dawn,Anoushka Shankar,No
353,66,"Best New Age, Ambient or Chant Album",Warriors Of Light,Radhika Vekaria,No
354,67,Best Children's Music Album,"Brillo, Brillo!",Lucky Diaz And The Family Jam Band,Yes
355,67,Best Children's Music Album,Creciendo,Lucy Kalantari & The Jazz Cats,No
356,67,Best Children's Music Album,My Favorite Dream,John Legend,No
357,67,Best Children's Music Album,Solid Rock Revival,Rock For ChildrenWorld Wide Playdate by Divinity Roxx and Divi,No
358,68,Best Comedy Album,Armageddon,Ricky Gervais,No
359,68,Best Comedy Album,The Dreamer,Dave Chappelle,Yes
360,68,Best Comedy Album,The Prisoner,Jim Gaffigan,No
361,68,Best Comedy Album,Someday You'll Die,Nikki Glaser,No
362,68,Best Comedy Album,Where Was I,Trevor Noah,No
363,69,"Best Audio Book, Narration and Storytelling Recording",All You Need Is Love: The Beatles In Their Own Words,"Guy Oldfield, producer",No
364,69,"Best Audio Book, Narration and Storytelling Recording",...And Your Ass Will Follow,George Clinton,No
365,69,"Best Audio Book, Narration and Storytelling Recording",Behind The Seams: My Life In Rhinestones,Dolly Parton,No
366,69,"Best Audio Book, Narration and Storytelling Recording",Last Sundays In Plains: A Centennial Celebration,Jimmy Carter,Yes
367,69,"Best Audio Book, Narration and Storytelling Recording",My Name Is Barbra,Barbra Streisand,No
368,70,Best Compilation Soundtrack For Visual Media,The Color Purple ,(Various Artists),No
369,70,Best Compilation Soundtrack For Visual Media,Deadpool & Wolverine ,(Various Artists),No
370,70,Best Compilation Soundtrack For Visual Media,Maestro: Music ,"Leonard Bernstein - London Symphony Orchestra, Yannick Nezet-Seguin, Bradley Cooper",Yes
371,70,Best Compilation Soundtrack For Visual Media,Saltburn ,(Various Artists),No
372,70,Best Compilation Soundtrack For Visual Media,Twisters: The Album ,(Various Artists),No
373,71,Best Score Soundtrack For Visual Media (Includes Film And Television),American Fiction,"Laura Karpman, composer",No
374,71,Best Score Soundtrack For Visual Media (Includes Film And Television),Challengers,"Trent Reznor & Atticus Ross, composers",No
375,71,Best Score Soundtrack For Visual Media (Includes Film And Television),The Color Purple,"Kris Bowers, composer",No
376,71,Best Score Soundtrack For Visual Media (Includes Film And Television),Dune: Part Two,"Hans Zimmer, composer",Yes
377,71,Best Score Soundtrack For Visual Media (Includes Film And Television),Shogun,"Nick Chuba, Atticus Ross & Leopold Ross, composers",No
378,72,Best Score Soundtrack for Video Games and Other Interactive Media,Avatar: Frontiers of Pandora,"Pinar Toprak, composer",No
379,72,Best Score Soundtrack for Video Games and Other Interactive Media,God of War Ragnarok: Valhalla,"Bear McCreary, composer",No
380,72,Best Score Soundtrack for Video Games and Other Interactive Media,Marvel's Spider-Man 2,"John Paesano, composer",No
381,72,Best Score Soundtrack for Video Games and Other Interactive Media,Star Wars Outlaws,"Wilbert Roget, II, composer",No
382,72,Best Score Soundtrack for Video Games and Other Interactive Media,Wizardry: Proving Grounds of the Mad Overlord,"Winifred Phillips, composer",Yes
383,73,Best Song Written For Visual Media,Ain't No Love In Oklahoma [from Twisters: The Album],"Jessi Alexander, Luke Combs & Jonathan Singleton, songwriters (Luke Combs)",No
384,73,Best Song Written For Visual Media,Can't Catch Me Now [from The Hunger Games: The Ballad of Songbirds & Snakes],"Daniel Nigro & Olivia Rodrigo, songwriters (Olivia Rodrigo)",
385,73,Best Song Written For Visual Media,Better Place [from TROLLS Band Together],"Amy Allen, Shellback & Justin Timberlake, songwriters (*NSYNC & Justin Timberlake)",No
386,73,Best Song Written For Visual Media,It Never Went Away [from American Symphony],"Jon Batiste & Dan Wilson, songwriters (Jon Batiste)",Yes
387,73,Best Song Written For Visual Media,Love Will Survive [from The Tattooist of Auschwitz],"Walter Afanasieff, Charlie Midnight, Kara Talve & Hans Zimmer, songwriters (Barbra Streisand)",No
388,74,Best Music Video,Tailor Swif,"A$AP Rocky; Vania Heymann & Gal Muggia, video directors",No
389,74,Best Music Video,360,"Charli xcx; Aidan Zamiri, video director; Jami Arceo & Evan Thicke, video producers",No
390,74,Best Music Video,Houdini,"Eminem; Rich Lee, video director; Kathy Angstadt, Lisa Arianna & Justin Diener, video producers",No
391,74,Best Music Video,Not Like Us,"Kendrick Lamar; Dave Free & Kendrick Lamar, video directors; Jack Begert, Sam Canter & Jamie Rabineau, video producers",Yes
392,74,Best Music Video,Fortnight,"Taylor Swift feat. Post Malone; Taylor Swift, video director; Jil Hardin, video producer",No
393,75,Best Music Film,American Symphony (Jon Batiste),"Matthew Heineman, video director; Lauren Domino, Matthew Heineman & Joedan Okun, video producers",Yes
394,75,Best Music Film,June (June Carter Cash),"Kristen Vaurio, video director; Josh Matas, Sarah Olson, Jason Owen, Mary Robertson & Kristen Vaurio, video producers",No
395,75,Best Music Film,Kings From Queens (Run DMC),"Kirk Fraser, video director; William H. Masterson III, video producer",No
396,75,Best Music Film,Stevie Van Zandt: Disciple (Steven Van Zandt),"Bill Teck, video director; Robert Cotto, David Fisher & Bill Teck, video producers",No
397,75,Best Music Film,The Greatest Night In Pop (Various Artists),"Bao Nguyen, video director; Bruce Eskowitz, George Hencken, Larry Klein, Julia Nottingham, Lionel Richie & Harriet Sternberg, video producers",No
398,76,Best Recording Package,The Avett Brothers,"Jonny Black & Giorgia Sage, art directors (The Avett Brothers)",No
399,76,Best Recording Package,Baker Hotel,"Sarah Dodds & Shauna Dodds, art directors (William Clark Green)",No
400,76,Best Recording Package,BRAT,"Brent David Freaney & Imogene Strauss, art directors (Charli xcx)",Yes
401,76,Best Recording Package,F-1 Trillion,"Archie Lee Coates IV, Jeffrey Franklin, Blossom Liu, Kylie McMahon & Ana Cecilia Thompson Motta, art directors (Post Malone)",No
402,76,Best Recording Package,Hounds Of Love The Baskerville Edition,"Kate Bush & Albert McIntosh, art directors (Kate Bush)",No
403,76,Best Recording Package,Jug Band Millionaire,"Andrew Wong & Julie Yeh, art directors (The Muddy Basin Ramblers)",No
404,76,Best Recording Package,"Pregnancy, Breakdown, And Disease","Lee Pei-Tzu, art director (iWhoiWhoo)",No
405,77,Best Boxed or Special Limited Edition Package,Half Living Things,"Patrick Galvin, art director (Alpha Wolf)",No
406,77,Best Boxed or Special Limited Edition Package,Hounds Of Love The Boxes Of Lost At Sea,"Kate Bush & Albert McIntosh, art directors (Kate Bush)",No
407,77,Best Boxed or Special Limited Edition Package,In Utero,"Doug Cunningham & Jason Noto, art directors (Nirvana)",No
408,77,Best Boxed or Special Limited Edition Package,Mind Games,"Simon Hilton & Sean Ono Lennon, art directors (John Lennon)",Yes
409,77,Best Boxed or Special Limited Edition Package,Unsuk Chin,"Takahiro Kurashima & Marek Polewski, art directors (Unsuk Chin & Berliner Philharmoniker)",No
410,77,Best Boxed or Special Limited Edition Package,We Blame Chicago,"Rebeka Arce & Farbod Kokabi, art directors (90 Day Men)",No
411,78,Best Album Notes,After Midnight,"Tim Brooks, album notes writer (Ford Dabney's Syncopated Orchestras)",No
412,78,Best Album Notes,The Carnegie Hall Concert,"Lauren Du Graf, album notes writer (Alice Coltrane)",No
413,78,Best Album Notes,Centennial,"Ricky Riccardi, album notes writer (King Oliver's Creole Jazz Band & Various Artists)",Yes
414,78,Best Album Notes,John Culshaw - The Art Of The Producer,"The Early Years 1948-55 - Dominic Fyfe, album notes writer (John Culshaw)",No
415,78,Best Album Notes,SONtrack Original De La Pelicula Al Son De Beno,"Josh Kun, album notes writer (Various Artists)",No
416,79,Best Historical Album,Centennial,"Meagan Hennessey & Richard Martin, compilation producers; Richard Martin, mastering engineer (King Oliver's Creole Jazz Band And Various Artists)",Yes
417,79,Best Historical Album,Diamonds And Pearls: Super Deluxe Edition,"Charles F. Spicer, Jr. & Duane Tudahl, compilation producers; Brad Blackwood & Bernie Grundman, mastering engineers (Prince & The New Power Generation)",No
418,79,Best Historical Album,Paul Robeson,"Voice of Freedom: His Complete Columbia, RCA, HMV, and Victor Recordings - Tom Laskey & Robert Russ, compilation producers; Nancy Conforti & Andreas K. Meyer, mastering engineers (Paul Robeson)",No
419,79,Best Historical Album,Pepito Y Paquito,"Pepe De Lucia & Javier Doria, compilation producers; Jesus Bola, mastering engineer (Pepe De Lucia And Paco De Lucia)",No
420,79,Best Historical Album,The Sound Of Music (Original Soundtrack Recording,"Mike Matessino & Mark Piro, compilation producers; Steve Genewick & Mike Matessino, mastering engineers (Rodgers & Hammerstein & Julie Andrews)",No
421,80,"Best Engineered Album, Non-Classical",Algorithm,"Dernst Emile II, Michael B. Hunter, Stephan Johnson, Rachel Keen, John Kercy, Charles Moniz & Todd Robinson, engineers; Colin Leonard, mastering engineer (Lucky Daye)",No
422,80,"Best Engineered Album, Non-Classical",Cyan Blue,"Jack Emblem, Jack Rochon & Charlotte Day Wilson, engineers; Chris Gehringer, mastering engineer (Charlotte Day Wilson)",No
423,80,"Best Engineered Album, Non-Classical",Deeper Well,"Craig Alvin, Shawn Everett, Mai Leisz, Todd Lombardo, John Rooney, Konrad Snyder & Daniel Tashian, engineers; Greg Calbi, mastering engineer (Kacey Musgraves)",No
424,80,"Best Engineered Album, Non-Classical",empathogen,"Beatriz Artola, Zach Brown, Oscar Cornejo, Chris Greatti & Mitch McCarthy, engineers; Joe La Porta, mastering engineer (WILLOW)",No
425,80,"Best Engineered Album, Non-Classical",i/o,"Tchad Blake, Oli Jacobs, Katie May & Dom Shaw, engineers; Matt Colton, mastering engineer (Peter Gabriel)",Yes
426,80,"Best Engineered Album, Non-Classical",Short n' Sweet,"Bryce Bordone, Julian Bunetta, Serban Ghenea, Jeff Gunnell, Oli Jacobs, Ian Kirkpatrick, Jack Manning, Manny Marroquin, John Ryan & Laura Sisk, engineers; Nathan Dantzler & Ruairi O'Flaherty, mastering engineers (Sabrina Carpenter)",No
427,81,"Best Engineered Album, Classical",Adams: Girls Of The Golden West,"Alexander Lipay & Dmitriy Lipay, engineers; Alexander Lipay & Dmitriy Lipay, mastering engineers (John Adams, Daniela Mack, Ryan McKinny, Paul Appleby, Hye Jung Lee, Elliot Madore, Julia Bullock, Davone Tines, Los Angeles Philharmonic & Los Angeles Master Chorale)",No
428,81,"Best Engineered Album, Classical",Andres: The Blind Banister,"Silas Brown, Doron Schachter & Michael Schwartz, engineers; Matt Colton, mastering engineer (Andrew Cyr, Inbal Segev & Metropolis Ensemble)",No
429,81,"Best Engineered Album, Classical",Bruckner: Symphony No. 7; Bates: Resurrexit,"Mark Donahue & John Newton, engineers; Mark Donahue, mastering engineer (Manfred Honeck & Pittsburgh Symphony Orchestra)",Yes
430,81,"Best Engineered Album, Classical",Clear Voices In The Dark,"Daniel Shores, engineer; Daniel Shores, mastering engineer (Matthew Guard & Skylark Vocal Ensemble)",No
431,81,"Best Engineered Album, Classical",Ortiz: Revolucion Diamantina,"Alexander Lipay & Dmitriy Lipay, engineers; Alexander Lipay & Dmitriy Lipay, mastering engineers (Gustavo Dudamel, Maria Duenas, Los Angeles Philharmonic & Los Angeles Master Chorale)",No
432,82,"Producer Of The Year, Classical",,Erica Brenner,No
433,82,"Producer Of The Year, Classical",,Christoph Franke,No
434,82,"Producer Of The Year, Classical",,Morten Lindberg,No
435,82,"Producer Of The Year, Classical",,Dmitriy Lipay,No
436,82,"Producer Of The Year, Classical",,Elaine Martone,Yes
437,82,"Producer Of The Year, Classical",,Dirk Sobotka,No
438,83,Best Immersive Audio Album,Avalon,"Bob Clearmountain, immersive mix engineer; Rhett Davies & Bryan Ferry, immersive producers (Roxy Music)",No
439,83,Best Immersive Audio Album,Genius Loves Company,"Michael Romanowski, Eric Schilling & Herbert Waltl, immersive mix engineers; Michael Romanowski, immersive mastering engineer; John Burk, immersive producer (Ray Charles With Various Artists)",No
440,83,Best Immersive Audio Album,Henning Sommerro: Borders,"Morten Lindberg, immersive mix engineer; Morten Lindberg, immersive mastering engineer; Morten Lindberg, immersive producer (Trondheim Symphony Orchestra)",No
441,83,Best Immersive Audio Album,i/o (In-Side Mix),"Hans-Martin Buff, immersive mix engineer; Brian Eno, Peter Gabriel & Richard Russell, immersive producers (Peter Gabriel)",Yes
442,83,Best Immersive Audio Album,Pax,"Morten Lindberg, immersive mix engineer; Morten Lindberg, immersive mastering engineer; Morten Lindberg, immersive producer (Ensemble 96 & Current Saxophone Quartet)",No
443,84,Best Instrumental Composition,At Last,"Shelton G. Berg, composer (Shelly Berg)",No
444,84,Best Instrumental Composition,Communion,"Christopher Zuar, composer (Christopher Zuar Orchestra)",No
445,84,Best Instrumental Composition,"I Swear, I Really Wanted To Make A ""Rap"" Album But This Is Literally The Way The Wind Blew Me This Time","Andre 3000, Surya Botofasina, Nate Mercereau & Carlos Nino, composers (Andre 3000)",No
446,84,Best Instrumental Composition,Remembrance,"Chick Corea, composer (Chick Corea & Bela Fleck)",No
447,84,Best Instrumental Composition,Strands,"Pascal Le Boeuf, composer (Akropolis Reed Quintet, Pascal Le Boeuf & Christian Euman)",Yes
448,85,"Best Arrangement, Instrumental or A Cappella",Baby Elephant Walk,"Encore - Michael League, arranger (Snarky Puppy)",No
449,85,"Best Arrangement, Instrumental or A Cappella",Bridge Over Troubled Water,"Jacob Collier, Tori Kelly & John Legend, arrangers (Jacob Collier feat. John Legend & Tori Kelly)",Yes
450,85,"Best Arrangement, Instrumental or A Cappella",Rhapsody In Blue(Grass),"Bela Fleck & Ferde Grofe, arrangers (Bela Fleck feat. Michael Cleveland, Sierra Hull, Justin Moses, Mark Schatz & Bryan Sutton)",No
451,85,"Best Arrangement, Instrumental or A Cappella",Rose Without The Thorns,"Erin Bentlage, Alexander Lloyd Blake, Scott Hoying, A.J. Sealy & Amanda Taylor, arrangers (Scott Hoying feat. saje & Tonality)",No
452,85,"Best Arrangement, Instrumental or A Cappella",Silent Night,"Erin Bentlage, Sara Gazarek, Johnaye Kendrick & Amanda Taylor, arrangers (saje)",No
453,86,"Best Arrangement, Instruments and Vocals",Alma,"Erin Bentlage, Sara Gazarek, Johanye Kendrick & Amanda Taylor, arrangers (saje feat. Regina Carter)",Yes
454,86,"Best Arrangement, Instruments and Vocals",Always Come Back,"Matt Jones, arranger (John Legend)",No
455,86,"Best Arrangement, Instruments and Vocals",b i g f e e l i n g s,"Willow, arranger (WILLOW)",No
456,86,"Best Arrangement, Instruments and Vocals",Last Surprise (from Persona 5),"Charlie Rosen & Jake Silverman, arrangers (The 8-Bit Big Band feat. Jonah Nilsson & Button Masher)",No
457,86,"Best Arrangement, Instruments and Vocals",The Sound Of Silence,"Cody Fry, arranger (Cody Fry feat. Sleeping At Last)",No
458,87,Best Orchestral Performance,"Adams: City Noir, Fearful Symmetries & Lola Montez Does The Spider Dance","Marin Alsop, conductor (ORF Vienna Radio Symphony Orchestra)",No
459,87,Best Orchestral Performance,Kodaly: Hary Janos Suite; Summer Evening & Symphony In C Major,"JoAnn Falletta, conductor (Buffalo Philharmonic Orchestra)",No
460,87,Best Orchestral Performance,Ortiz: Revolucion Diamantina,"Gustavo Dudamel, conductor (Los Angeles",Yes
461,87,Best Orchestral Performance,"Sibelius: Karelia Suite, Rakastava, & Lemminkainen","Susanna Malkki, conductor (Helsinki Philharmonic Orchestra)",No
462,87,Best Orchestral Performance,Stravinsky: The Firebird,"Esa-Pekka Salonen, conductor (San Francisco Symphony)",No
463,88,Best Opera Recording,Adams: Girls Of The Golden West,"John Adams, conductor; Paul Appleby, Julia Bullock, Hye Jung Lee, Daniela Mack, Elliot Madore, Ryan McKinny & Davone Tines; Dmitriy Lipay, producer (Los Angeles Philharmonic; Los Angeles Master Chorale)",No
464,88,Best Opera Recording,Catan: Florencia En El Amazonas,"Yannick Nezet-Seguin, conductor; Mario Chang, Michael Chioldi, Greer Grimsley, Nancy Fabiola Herrera, Mattia Olivieri, Ailyn Perez & Gabriella Reyes; David Frost, producer (The Metropolitan Opera Orchestra; The Metropolitan Opera Chorus)",No
465,88,Best Opera Recording,Moravec: The Shining,"Gerard Schwarz, conductor; Tristan Hallett, Kelly Kaduce & Edward Parks; Blanton Alspaugh, producer (Kansas City Symphony; Lyric Opera Of Kansas City Chorus)",No
466,88,Best Opera Recording,Puts: The Hours,"Yannick Nezet-Seguin, conductor; Joyce DiDonato, Renee Fleming & Kelli O'Hara; David Frost, producer (Metropolitan Opera Orchestra; Metropolitan Opera Chorus)",No
467,88,Best Opera Recording,Saariaho: Adriana Mater,"Esa-Pekka Salonen, conductor; Fleur Barron, Axelle Fanyo, Nicholas Phan & Christopher Purves; Jason O'Connell, producer (San Francisco Symphony; San Francisco Symphony Chorus; Timo Kurkikangas)",Yes
468,89,Best Choral Performance,Clear Voices In The Dark,"Matthew Guard, conductor (Carrie Cheron, Nathan Hodgson, Helen Karloski & Clare McNamara; Skylark Vocal Ensemble)",No
469,89,Best Choral Performance,A Dream So Bright,"Choral Music Of Jake Runestad - Eric Holtan, conductor (Jeffrey Biegel; True Concord Orchestra; True Concord Voices)",No
470,89,Best Choral Performance,Handel: Israel In Egypt,"Jeannette Sorrell, conductor (Margaret Carpenter Haigh, Daniel Moody, Molly Netter, Jacob Perry & Edward Vogel; Apollo's Fire; Apollo's Singers)",No
471,89,Best Choral Performance,Ochre,"Donald Nally, conductor (The Crossing)",Yes
472,89,Best Choral Performance,Sheehan: Akathist,"Elaine Kelly, conductor; Melissa Attebury, Stephen Sands & Benedict Sheehan, chorus masters (Elizabeth Bates, Paul D'Arcy, Tynan Davis, Aine Hakamatsuka, Steven Hrycelak, Helen Karloski, Enrico Lagasca, Edmund Milly, Fotina Naumenko, Neil Netherly, Timothy Parsons, Stephen Sands, Miriam Sheehan & Pamela Terry; Novus NY; Artefact Ensemble, The Choir Of Trinity Wall Street, Downtown Voices & Trinity Youth Chorus)",No
473,90,Best Chamber Music/Small Ensemble Performance,"Adams, J.L.: Waves & Particles",JACK Quartet,No
474,90,Best Chamber Music/Small Ensemble Performance,"Beethoven For Three: Symphony No. 4 And Op. 97, 'Archduke'","Yo-Yo Ma, Leonidas Kavakos & Emanuel Ax",No
475,90,Best Chamber Music/Small Ensemble Performance,Home,Miro Quartet,
476,90,Best Chamber Music/Small Ensemble Performance,Cerrone: Beaufort Scales,"Beth Willer, Christopher Cerrone & Lorelei Ensemble",No
477,90,Best Chamber Music/Small Ensemble Performance,Rectangles And Circumstance,Caroline Shaw & So Percussion,Yes
478,91,Best Classical Instrumental Solo,Akiho: Longing,Andy Akiho,No
479,91,Best Classical Instrumental Solo,Bach: Goldberg Variations,Vikingur Olafsson,Yes
480,91,Best Classical Instrumental Solo,Eastman: The Holy Presence Of Joan D'Arc,"Seth Parker Woods; Christopher Rountree, conductor (Wild Up)",No
481,91,Best Classical Instrumental Solo,Entourer,Mak Grgic (Ensemble Dissonance),No
482,91,Best Classical Instrumental Solo,Perry: Concerto For Violin & Orchestra,"Curtis Stewart; James Blachly, conductor (Experiential Orchestra)",No
483,92,Best Classical Solo Vocal Album,Beyond The Years - Unpublished Songs Of Florence Price,"Karen Slack, soloist; Michelle Cann, pianist",Yes
484,92,Best Classical Solo Vocal Album,A Change Is Gonna Come,"Nicholas Phan, soloist; Palaver Strings, ensembles",No
485,92,Best Classical Solo Vocal Album,Newman: Bespoke Songs,"Fotina Naumenko, soloist; Marika Bournaki, pianist (Nadege Foofat; Julietta Curenton, Colin Davin, Mark Edwards, Nadia Pessoa, Timothy Roberts, Ryan Romine, Akemi Takayama, Karlyn Vina & Garrick Zoeter)",No
486,92,Best Classical Solo Vocal Album,Show Me The Way,"Will Liverman, soloist; Jonathan King, pianist",No
487,92,Best Classical Solo Vocal Album,Wagner: Wesendonck Lieder,"Joyce DiDonato, soloist; Maxim Emelyanychev, conductor (Il Pomo d'Oro)",No
488,93,Best Classical Compendium,Akiho: BeLonging,"Andy Akiho & Imani Winds; Andy Akiho, Sean Dixon & Mark Dover, producers",No
489,93,Best Classical Compendium,American Counterpoints,"Curtis Stewart; James Blachly, conductor; Blanton Alspaugh, producer",No
490,93,Best Classical Compendium,Foss: Symphony No. 1; Renaissance Concerto; Three American Pieces; Ode,"JoAnn Falletta, conductor; Bernd Gottinger, producer",No
491,93,Best Classical Compendium,Mythologies II,"Sangeeta Kaur, Omar Najmi, Hila Plitmann, Robert Thies & Danae Xanthe Vlasse; Michael Shapiro, conductor; Jeff Atmajian, Emilio D. Miler, Hai Nguyen, Robert Thies, Danae Xanthe Vlasse & Kitt Wakeley, producers",No
492,93,Best Classical Compendium,Ortiz: Revolucion Diamantina,"Gustavo Dudamel, conductor; Dmitriy Lipay, producer",Yes
493,94,Best Contemporary Classical Composition,Casarrubios: Seven For Solo Cello,"Andrea Casarrubios, composer (Andrea Casarrubios)",No
494,94,Best Contemporary Classical Composition,Coleman: Revelry,"Valerie Coleman, composer (Decoda)",No
495,94,Best Contemporary Classical Composition,Lang: Composition As Explanation,"David Lang, composer (Eighth Blackbird)",No
496,94,Best Contemporary Classical Composition,Ortiz: Revolucion Diamantina,"Gabriela Ortiz, composer (Gustavo Dudamel, Los Angeles Philharmonic & Los Angeles Master Chorale)",Yes
497,94,Best Contemporary Classical Composition,Saariaho: Adriana Mater,"Kaija Saariaho, composer (Esa-Pekka Salonen, Fleur Barron, Nicholas Phan, Christopher Purves, Axelle Fanyo, San Francisco Symphony Chorus & Orchestra)",No
